	0	1	2	3	4	5	6	7	8	9	10	11	12	13	14	15	16	17	18	19	20	21	22	23	24	25	26	27	28	29	30	31	32	33	34	35	36	37	38	39	40	41	42	43	44	45	46	47	48	49	50	51	52	53	54	55	56	57	58	59	60	61	62	63	64	65	66	67	68	69	70	71	72	73	74	75	76	77	78	79	80	81	82	83	84	85	86	87	88	89	90	91	92	93	94	95	96	97	98	99	100	101	102	103	104	105	106	107	108	109	110	111	112	113	114	115	116	117	118	119	120	121	122	123	124	125	126	127	128	129	130	131	132	133	134	135	136	137	138	139	140	141
0	0	125	125	118	113	123	123	128	128	128	122	127	125	131	134	130	120	115	119	116	115	117	120	121	121	125	119	122	125	118	119	121	114	124	114	115	117	119	121	121	139	141	141	138	138	140	139	141	142	142	115	113	118	126	125	127	126	126	124	122	122	127	127	134	137	104	133	134	81	93	85	86	88	140	140	135	140	67	66	67	72	68	73	73	60	118	125	121	122	116	118	101	82	120	121	121	121	119	118	105	119	128	128	123	122	125	124	123	124	123	122	124	125	128	121	115	114	113	114	120	120	119	122	102	115	120	121	119	121	121	122	120	114	115	114	119	112	115	82	109	109	112
1	125	0	1	36	55	35	36	49	48	118	123	124	125	126	126	121	120	126	117	115	117	116	125	126	119	119	119	120	122	129	129	132	124	125	98	100	100	115	119	116	130	127	128	127	129	129	129	130	126	130	128	128	124	132	131	81	82	94	89	92	91	86	82	126	127	99	131	131	123	128	124	125	124	126	125	122	127	127	120	130	131	128	128	128	107	123	126	123	123	117	117	103	86	119	119	119	119	119	121	106	72	78	78	76	76	69	73	72	76	75	75	73	72	68	120	117	117	118	119	117	117	118	118	104	113	119	121	114	116	115	116	118	112	113	113	118	114	114	89	116	116	118
2	125	1	0	36	55	36	37	50	49	118	123	124	125	126	126	121	120	126	116	114	116	116	125	126	119	119	120	121	123	130	130	133	124	125	99	101	101	115	119	116	131	128	129	128	130	130	130	129	125	129	128	129	124	132	131	82	83	94	90	93	92	86	83	126	127	99	131	131	123	128	124	125	124	126	125	122	127	127	120	130	130	129	129	129	108	123	126	123	123	118	118	104	87	120	120	120	119	120	122	107	71	77	77	75	75	69	73	72	76	75	75	72	72	68	120	117	117	118	119	117	117	118	118	104	113	119	121	114	116	115	116	118	112	113	113	118	114	114	89	117	117	119
3	118	36	36	0	24	42	43	56	55	112	115	116	117	120	120	115	118	116	110	110	112	109	124	124	128	127	117	118	120	120	121	123	118	126	96	98	98	121	123	121	134	132	131	134	134	133	133	132	128	131	121	119	126	133	131	88	89	95	90	90	89	84	88	129	130	101	132	132	117	120	118	118	117	130	130	127	131	124	116	126	127	125	124	125	104	120	126	115	115	115	115	101	84	117	117	117	118	119	121	106	70	75	75	76	76	67	68	69	71	70	73	68	66	65	115	112	112	113	114	111	112	113	112	98	106	113	115	108	111	107	108	110	107	108	108	115	110	110	84	115	115	118
4	113	55	55	24	0	61	62	49	48	107	111	111	111	111	111	110	105	110	103	104	104	106	115	114	118	118	111	108	109	112	113	113	106	117	94	96	90	111	108	110	105	104	104	106	106	105	107	105	104	106	115	114	119	112	102	92	93	94	95	96	96	87	88	111	110	105	112	112	109	101	111	111	110	108	108	107	106	109	108	110	108	111	108	108	106	105	105	102	101	102	105	104	87	103	105	105	102	104	106	107	76	80	80	82	82	73	72	73	67	70	69	72	71	70	111	111	111	111	110	110	109	109	110	105	109	109	106	105	103	105	106	106	109	109	109	108	108	108	92	106	106	107
5	123	35	36	42	61	0	1	16	15	118	121	122	123	124	125	120	112	114	106	104	106	113	116	116	118	118	107	108	110	128	129	131	118	120	92	94	93	115	118	116	132	130	131	131	132	132	132	133	131	133	124	125	126	137	133	81	82	92	87	91	90	82	80	128	129	101	131	131	119	121	119	119	118	127	127	122	130	126	118	123	125	126	126	125	109	122	124	114	114	111	111	98	85	115	115	114	117	116	115	100	69	71	71	71	71	65	71	70	74	72	73	70	69	68	109	112	113	114	114	109	109	110	110	98	109	114	115	111	113	110	111	113	104	105	105	111	107	107	84	111	111	113
6	123	36	37	43	62	1	0	17	16	118	121	122	123	124	125	120	113	115	107	105	107	114	116	116	119	119	106	107	109	129	130	132	118	120	92	94	93	116	119	117	132	130	131	131	132	132	132	133	131	133	123	124	127	137	132	80	81	91	88	92	91	81	81	128	129	101	131	131	119	121	119	119	118	127	127	122	130	126	118	123	125	126	126	125	109	123	125	115	115	111	111	98	85	116	116	115	118	117	116	101	70	72	72	72	72	66	72	71	75	73	74	71	70	69	109	112	113	114	114	109	109	110	110	98	108	114	115	111	113	110	111	113	104	105	105	111	107	107	84	112	112	114
7	128	49	50	56	49	16	17	0	1	124	126	123	125	131	128	123	117	121	115	113	112	115	120	117	127	122	115	111	112	138	138	135	120	125	98	100	94	125	120	123	133	127	128	131	131	129	131	134	128	134	131	133	136	129	125	93	94	102	95	97	96	94	91	129	129	102	132	132	125	118	125	125	124	128	128	123	129	126	118	126	123	127	124	124	107	124	124	117	117	112	112	98	85	115	114	113	115	116	116	100	80	82	82	82	82	76	82	81	77	79	76	81	80	78	118	120	121	122	121	117	116	116	114	101	119	121	117	117	115	120	120	120	110	111	111	113	110	111	87	115	115	114
8	128	48	49	55	48	15	16	1	0	124	126	123	125	131	128	123	117	120	115	113	112	114	120	117	127	122	114	110	111	138	138	135	119	125	97	99	93	124	120	123	132	126	127	130	130	128	130	133	127	133	131	133	135	128	125	92	93	102	94	98	97	93	90	128	128	101	131	131	126	119	126	126	125	127	127	122	129	127	119	126	123	127	124	124	107	124	124	117	117	112	112	98	85	115	114	113	115	116	116	100	79	81	81	82	82	75	81	80	76	78	75	80	79	78	118	120	121	122	121	117	116	116	114	101	118	121	117	117	115	119	119	119	110	111	111	113	110	111	87	115	115	114
9	128	118	118	112	107	118	118	124	124	0	23	28	28	29	32	32	97	88	87	89	91	100	105	108	92	94	115	116	118	112	112	113	100	118	121	121	123	100	103	100	139	140	139	139	139	141	141	139	141	140	118	123	128	139	137	128	128	129	123	124	123	124	125	138	139	104	137	138	120	124	123	123	123	135	135	131	137	119	113	116	119	118	120	120	99	108	115	105	105	110	113	94	75	100	103	103	101	105	108	92	127	128	128	128	128	128	127	128	129	127	129	128	130	129	82	72	73	74	72	75	75	76	77	61	79	74	80	79	85	78	79	83	73	74	73	83	78	78	53	109	109	113
10	122	123	123	115	111	121	121	126	126	23	0	6	6	29	33	36	102	94	89	91	92	105	101	105	94	97	122	125	126	107	107	109	101	119	119	120	123	106	108	104	139	142	140	141	140	142	139	141	142	140	124	124	123	132	133	130	129	126	123	124	123	129	126	138	139	105	139	139	120	127	121	121	122	139	139	135	140	119	113	115	120	113	116	116	97	108	116	105	105	108	111	93	75	99	102	102	102	104	106	91	128	130	130	124	123	129	125	127	127	123	128	127	131	128	92	80	81	82	79	81	81	82	82	66	87	82	86	85	90	81	82	84	81	82	81	88	84	85	57	108	109	113
11	127	124	124	116	111	122	122	123	123	28	6	0	3	35	30	33	106	98	93	95	93	108	106	102	99	94	126	122	123	109	109	106	101	119	121	122	118	108	104	105	138	140	138	141	141	140	140	140	140	139	128	126	123	129	131	131	130	126	124	125	124	131	128	139	141	105	140	140	125	123	126	126	125	137	137	131	137	124	116	120	117	118	113	113	94	111	113	108	108	111	108	90	72	102	99	99	105	107	109	88	129	130	130	124	123	130	126	128	122	123	124	128	132	129	96	85	86	87	83	85	85	86	82	63	92	87	83	90	87	86	87	86	86	87	86	85	86	85	58	111	112	110
12	125	125	125	117	111	123	123	125	125	28	6	3	0	35	29	32	106	97	93	95	94	109	106	101	98	93	126	121	122	109	109	105	101	119	124	125	120	108	105	106	138	140	138	142	141	140	140	140	139	139	127	126	124	130	131	132	131	129	125	126	125	132	130	138	139	103	138	138	123	122	124	124	123	138	137	130	137	123	115	118	115	116	111	111	92	110	112	108	108	111	107	89	71	102	98	98	105	107	109	87	130	132	132	125	124	131	127	129	124	124	124	129	133	130	96	85	86	87	83	85	85	86	82	62	92	87	82	90	86	86	87	85	86	87	86	84	85	86	57	111	112	109
13	131	126	126	120	111	124	124	131	131	29	29	35	35	0	7	10	97	92	90	93	95	104	102	105	98	101	116	119	120	120	120	122	104	120	121	122	124	111	113	109	139	141	140	140	139	142	139	140	142	140	127	130	128	138	136	133	134	132	130	127	126	133	131	135	136	103	135	136	121	127	123	123	124	139	139	136	140	123	113	114	119	116	119	118	98	106	114	104	104	108	111	91	76	98	101	102	101	103	104	88	132	132	132	130	131	133	133	134	135	130	134	130	135	134	90	83	84	85	83	87	87	88	88	69	87	80	85	86	90	86	87	89	82	83	82	90	85	86	56	109	110	113
14	134	126	126	120	111	125	125	128	128	32	33	30	29	7	0	7	100	94	93	96	96	107	106	100	100	95	120	115	116	122	122	118	104	118	125	126	120	112	109	110	136	137	136	139	138	138	138	137	138	137	128	132	128	134	136	134	135	132	130	129	128	134	134	133	135	100	135	136	125	123	127	127	126	136	136	130	135	126	114	117	114	119	114	113	93	109	111	107	107	111	107	86	71	101	97	98	104	106	107	84	133	133	133	129	129	134	134	135	131	130	129	131	136	135	93	87	88	89	86	90	90	91	87	63	91	84	80	91	86	91	92	90	86	87	86	85	85	86	54	111	112	108
15	130	121	121	115	110	120	120	123	123	32	36	33	32	10	7	0	94	89	89	92	92	101	103	97	99	94	109	104	105	115	115	111	99	112	119	120	114	104	101	102	132	133	132	135	134	134	134	132	134	132	120	123	122	126	125	128	129	127	125	125	124	129	124	124	126	99	125	126	116	114	119	119	118	130	130	127	129	119	113	112	109	114	109	108	93	105	105	104	104	107	103	88	72	98	94	95	101	103	104	86	128	128	128	122	123	129	129	129	126	125	123	125	131	128	86	81	82	83	80	83	83	84	80	63	84	75	71	81	76	84	85	83	77	78	76	75	76	77	53	108	109	105
16	120	120	120	118	105	112	113	117	117	97	102	106	106	97	100	94	0	62	55	54	54	62	105	106	100	101	125	126	128	117	118	119	95	110	116	117	118	102	104	102	135	135	136	135	135	136	136	135	135	135	124	125	128	139	133	123	122	132	124	122	121	124	126	130	130	100	133	133	122	126	119	119	120	130	130	126	134	119	111	117	118	117	117	117	99	112	117	115	115	118	120	102	86	112	115	116	114	115	119	103	123	126	126	127	126	120	121	120	122	120	120	122	121	117	88	87	88	89	87	85	87	88	86	76	89	82	87	85	89	89	88	92	87	87	87	96	93	91	65	118	117	121
17	115	126	126	116	110	114	115	121	120	88	94	98	97	92	94	89	62	0	61	63	67	70	105	108	93	92	118	117	120	116	116	117	91	111	116	116	117	100	102	100	135	136	136	135	135	138	135	136	137	136	119	122	126	133	134	132	132	132	130	130	130	134	123	135	136	108	134	134	122	122	118	118	119	132	132	127	135	116	107	117	119	118	118	117	98	120	124	115	115	119	120	99	83	113	114	115	118	120	121	102	127	131	131	130	129	126	127	128	128	127	127	127	128	129	87	83	85	86	84	85	84	85	87	71	86	84	88	87	90	86	87	89	80	81	80	88	85	85	57	116	115	118
18	119	117	116	110	103	106	107	115	115	87	89	93	93	90	93	89	55	61	0	5	9	50	97	101	99	100	115	116	117	113	113	115	84	110	108	109	111	89	93	90	137	138	138	137	137	140	138	136	137	136	119	119	117	128	133	117	116	126	118	121	120	119	118	135	136	106	136	136	116	119	116	117	118	129	128	124	132	114	105	115	117	116	116	117	97	116	122	112	112	113	114	97	84	111	114	114	112	113	113	98	112	118	118	116	115	115	113	115	116	115	117	120	118	119	85	80	81	82	80	78	78	79	81	67	86	81	86	82	86	86	85	91	80	81	80	89	86	85	59	107	106	110
19	116	115	114	110	104	104	105	113	113	89	91	95	95	93	96	92	54	63	5	0	4	49	96	99	97	98	115	116	117	112	112	114	84	108	107	108	110	91	95	92	137	137	139	136	136	139	137	135	136	135	118	118	117	128	133	117	116	124	116	120	119	117	117	135	136	106	136	136	115	118	116	117	118	128	127	124	131	111	103	114	116	116	116	117	97	116	122	113	113	114	115	98	84	111	114	113	111	113	113	98	114	118	118	115	114	115	115	117	118	116	119	120	117	118	85	80	81	82	80	78	78	79	81	68	85	80	85	81	85	85	84	90	79	80	79	88	85	84	60	107	106	110
20	115	117	116	112	104	106	107	112	112	91	92	93	94	95	96	92	54	67	9	4	0	51	99	100	98	97	116	115	116	113	113	113	85	108	109	110	110	94	94	91	136	135	137	137	136	137	137	134	134	134	121	121	118	126	132	116	115	122	117	121	120	117	117	136	135	107	137	137	116	116	118	119	119	126	126	123	129	113	104	115	115	116	114	115	96	116	121	113	113	115	115	98	84	112	114	113	111	114	114	98	116	116	116	115	114	113	113	115	114	112	116	119	117	117	88	82	83	84	80	80	80	81	80	68	87	81	83	82	84	87	86	88	83	84	83	89	85	85	62	108	107	110
21	117	116	116	109	106	113	114	115	114	100	105	108	109	104	107	101	62	70	50	49	51	0	115	118	106	107	124	125	127	108	109	107	87	108	114	114	116	99	101	98	134	134	135	132	133	135	135	133	135	134	119	122	116	123	135	123	122	130	127	127	127	123	129	135	135	105	140	140	116	117	119	118	119	137	136	131	139	118	111	119	122	119	120	121	103	116	122	118	118	121	124	106	92	116	121	121	117	120	121	109	120	126	126	126	125	122	124	126	126	122	129	125	122	124	92	90	91	92	91	87	87	88	88	80	87	88	92	88	91	88	87	91	86	87	86	94	91	88	66	113	113	117
22	120	125	125	124	115	116	116	120	120	105	101	106	106	102	106	103	105	105	97	96	99	115	0	8	110	111	108	110	112	117	118	119	108	120	125	125	127	107	107	108	134	134	134	133	132	135	133	135	135	135	114	116	121	126	129	112	111	114	126	128	127	123	119	132	132	103	132	133	114	119	116	116	116	124	125	122	127	117	107	115	118	117	119	119	100	79	88	74	73	79	82	71	55	67	71	71	71	72	74	67	125	126	126	123	121	126	119	121	121	120	121	124	127	124	105	111	111	112	112	107	108	109	109	94	109	108	111	103	107	109	110	112	104	105	104	112	108	106	77	71	72	76
23	121	126	126	124	114	116	116	117	117	108	105	102	101	105	100	97	106	108	101	99	100	118	8	0	114	108	112	107	109	117	118	113	111	117	126	127	122	109	104	109	132	131	131	133	132	132	133	133	132	133	116	116	122	123	127	113	112	116	126	128	127	125	122	132	132	102	131	132	117	115	117	117	116	123	124	118	123	119	108	117	114	117	113	112	95	83	85	77	76	82	77	65	49	71	67	67	74	75	78	62	124	125	125	124	122	125	119	121	116	118	115	126	127	124	107	113	114	115	113	110	111	112	108	88	113	111	105	107	102	113	114	111	108	109	108	107	107	106	76	74	75	72
24	121	119	119	128	118	118	119	127	127	92	94	99	98	98	100	99	100	93	99	97	98	106	110	114	0	6	129	132	134	116	117	119	101	113	123	122	126	99	103	101	141	143	145	141	139	143	140	144	146	144	120	128	123	138	138	129	128	123	118	122	121	134	126	143	145	116	141	140	117	124	119	119	120	140	139	133	141	121	111	116	121	116	121	122	103	126	132	117	116	123	124	106	90	113	113	114	112	117	120	106	123	131	131	129	128	126	125	125	126	123	124	122	122	124	103	99	100	101	98	99	100	101	99	84	103	98	101	99	100	96	96	96	103	102	103	106	102	105	81	120	119	123
25	125	119	119	127	118	118	119	122	122	94	97	94	93	101	95	94	101	92	100	98	97	107	111	108	6	0	131	126	128	118	119	113	101	114	126	125	121	101	98	101	141	140	141	141	140	140	141	142	141	142	123	130	124	132	136	130	129	126	117	123	122	134	126	144	145	116	143	142	121	118	123	123	122	139	138	130	139	125	113	120	116	120	115	116	97	125	127	118	117	122	118	100	85	114	109	110	113	118	119	100	125	132	132	129	128	126	125	125	121	123	119	122	122	124	104	100	101	102	98	100	101	102	96	79	104	99	95	100	94	97	97	96	104	103	104	100	103	103	79	120	119	117
26	119	119	120	117	111	107	106	115	114	115	122	126	126	116	120	109	125	118	115	115	116	124	108	112	129	131	0	6	10	131	131	132	118	132	109	110	112	116	117	114	132	135	135	135	134	135	135	127	131	128	120	123	128	137	136	116	115	119	128	127	126	119	118	130	130	102	128	129	118	121	118	117	119	134	133	126	133	116	106	116	121	118	122	121	98	117	122	116	116	118	119	97	86	115	117	115	118	119	119	97	116	122	122	122	123	124	122	122	121	123	120	129	126	128	121	117	117	118	118	115	116	117	117	94	118	121	123	117	119	124	125	123	108	109	109	112	109	112	76	111	111	114
27	122	120	121	118	108	108	107	111	110	116	125	122	121	119	115	104	126	117	116	116	115	125	110	107	132	126	6	0	4	132	132	127	119	129	113	114	108	117	113	115	131	132	132	133	133	132	134	126	127	127	123	126	130	133	133	117	116	121	128	128	127	119	119	130	130	100	128	129	121	116	121	120	120	133	132	123	131	119	107	119	116	121	117	116	93	117	117	116	116	118	114	92	81	115	112	110	118	119	119	92	117	122	122	122	123	123	121	121	117	122	115	128	125	127	122	118	118	119	119	116	117	118	114	89	119	122	118	118	114	125	126	123	109	110	110	107	110	111	75	112	112	109
28	125	122	123	120	109	110	109	112	111	118	126	123	122	120	116	105	128	120	117	117	116	127	112	109	134	128	10	4	0	134	134	129	119	129	114	115	109	118	114	116	131	130	130	132	132	130	133	127	126	128	125	128	131	134	132	117	116	122	130	130	129	120	120	129	129	100	127	128	122	117	123	122	122	134	133	123	132	121	109	121	116	123	118	118	95	118	118	118	118	119	116	93	82	118	115	113	120	121	121	94	119	124	124	125	126	125	122	122	118	123	116	131	127	130	124	120	120	121	121	118	119	120	116	90	121	122	118	118	114	127	128	125	112	113	113	110	113	113	77	114	114	111
29	118	129	130	120	112	128	129	138	138	112	107	109	109	120	122	115	117	116	113	112	113	108	117	117	116	118	131	132	134	0	1	6	120	94	126	125	127	114	115	114	137	136	137	135	135	135	136	139	139	139	85	85	82	97	118	132	131	129	127	130	130	130	128	143	144	112	141	141	111	118	114	113	113	146	146	143	146	110	103	116	118	116	119	118	101	124	124	122	121	122	122	103	82	119	120	120	121	124	119	101	130	133	133	133	132	131	130	129	131	131	131	127	128	131	122	114	114	115	116	113	114	115	115	97	115	115	117	117	118	111	112	112	111	110	111	117	110	113	79	117	118	120
30	119	129	130	121	113	129	130	138	138	112	107	109	109	120	122	115	118	116	113	112	113	109	118	118	117	119	131	132	134	1	0	7	121	95	127	126	128	114	115	114	138	137	138	136	136	136	137	140	140	140	86	86	83	98	119	131	130	129	127	130	130	130	128	144	145	112	142	142	112	119	115	114	114	146	146	143	146	111	104	117	119	117	120	119	102	124	124	122	121	123	123	104	83	119	120	120	122	124	119	101	131	133	133	133	132	131	130	129	131	131	131	127	128	132	122	114	114	115	116	113	114	115	115	97	115	115	117	117	118	111	112	112	111	110	111	117	110	113	79	118	119	121
31	121	132	133	123	113	131	132	135	135	113	109	106	105	122	118	111	119	117	115	114	113	107	119	113	119	113	132	127	129	6	7	0	120	94	128	127	123	115	110	113	134	133	134	134	133	132	135	136	136	136	87	88	87	93	115	134	133	132	130	133	133	133	131	143	144	112	141	141	114	113	117	116	115	144	144	139	142	113	105	119	114	119	114	113	96	123	119	122	121	121	117	98	78	119	116	116	121	124	118	96	133	135	135	135	134	134	133	132	128	131	127	130	131	134	125	117	117	118	117	116	117	118	114	93	118	118	113	120	114	114	115	113	114	113	114	113	112	113	78	117	118	115
32	114	124	124	118	106	118	118	120	119	100	101	101	101	104	104	99	95	91	84	84	85	87	108	111	101	101	118	119	119	120	121	120	0	107	124	125	123	92	93	93	136	135	136	135	135	136	136	134	135	134	114	121	119	123	135	128	127	135	128	127	126	129	128	137	136	105	137	137	125	123	121	121	122	130	129	124	131	119	112	121	122	119	118	118	100	114	118	108	108	113	114	102	88	105	107	108	112	111	113	102	125	129	129	134	133	127	129	130	127	127	128	130	132	130	97	87	87	86	87	89	88	89	89	75	96	92	92	96	96	96	97	97	90	91	91	94	91	88	70	111	111	113
33	124	125	125	126	117	120	120	125	125	118	119	119	119	120	118	112	110	111	110	108	108	108	120	117	113	114	132	129	129	94	95	94	107	0	126	126	126	125	127	127	138	137	138	136	135	137	136	137	139	137	105	108	109	122	135	134	133	134	127	129	128	127	132	140	140	111	141	142	122	124	122	122	121	135	135	132	135	123	110	122	121	125	125	124	109	121	121	122	122	126	126	107	90	120	119	120	120	121	121	106	120	124	124	131	130	123	123	123	124	122	122	124	121	124	121	114	115	116	116	117	118	117	117	97	117	117	117	120	119	116	117	117	112	113	113	114	109	112	80	121	121	121
34	114	98	99	96	94	92	92	98	97	121	119	121	124	121	125	119	116	116	108	107	109	114	125	126	123	126	109	113	114	126	127	128	124	126	0	2	7	123	126	123	130	132	133	130	128	131	128	130	132	131	127	130	128	136	129	102	102	115	98	103	102	96	90	125	127	97	127	127	119	126	121	121	122	130	129	125	131	120	111	120	124	122	126	125	105	120	127	117	117	116	117	103	86	118	120	119	117	118	120	108	98	101	101	109	108	100	102	101	102	101	103	100	96	102	113	106	106	107	107	112	112	113	114	96	104	104	108	105	108	110	109	111	103	104	103	108	105	104	76	115	115	119
35	115	100	101	98	96	94	94	100	99	121	120	122	125	122	126	120	117	116	109	108	110	114	125	127	122	125	110	114	115	125	126	127	125	126	2	0	7	122	125	122	129	131	131	129	127	130	127	129	131	130	128	131	129	137	129	104	104	116	98	103	102	98	92	126	128	98	128	128	120	127	122	122	123	131	130	125	132	120	111	120	124	122	126	125	105	120	128	117	117	117	118	104	87	117	119	118	117	118	121	109	99	102	102	110	109	101	103	102	103	102	104	102	97	103	113	106	106	107	107	112	112	113	114	96	105	104	108	105	108	110	109	111	104	105	104	109	106	105	77	116	116	120
36	117	100	101	98	90	93	93	94	93	123	123	118	120	124	120	114	118	117	111	110	110	116	127	122	126	121	112	108	109	127	128	123	123	126	7	7	0	125	122	124	129	129	129	128	127	128	127	129	129	130	130	132	130	132	124	104	104	118	99	104	103	100	93	125	126	94	127	127	122	120	124	124	123	130	129	121	129	123	112	123	119	125	121	120	100	121	121	118	118	118	113	99	82	119	115	114	118	119	122	104	100	103	103	110	109	102	104	103	98	102	98	103	98	104	114	108	108	109	108	114	114	115	112	91	106	106	103	107	103	112	111	111	105	106	105	103	106	104	75	116	116	113
37	119	115	115	121	111	115	116	125	124	100	106	108	108	111	112	104	102	100	89	91	94	99	107	109	99	101	116	117	118	114	114	115	92	125	123	122	125	0	6	3	137	138	138	138	137	139	136	140	140	140	101	103	113	125	131	119	119	129	123	121	120	126	123	137	139	109	137	136	115	118	119	120	121	137	137	132	139	122	116	120	124	121	123	123	105	115	117	116	115	113	114	98	81	112	113	111	115	117	117	103	120	128	128	129	129	123	122	123	124	122	125	123	124	126	103	97	99	100	99	99	99	100	103	87	102	93	94	94	95	98	99	101	95	96	95	101	97	96	71	110	109	113
38	121	119	119	123	108	118	119	120	120	103	108	104	105	113	109	101	104	102	93	95	94	101	107	104	103	98	117	113	114	115	115	110	93	127	126	125	122	6	0	5	134	134	134	135	135	135	134	137	136	137	104	105	115	119	127	120	120	131	124	122	121	127	123	139	140	110	137	136	117	112	121	122	122	134	134	126	135	124	117	122	119	123	118	118	100	115	114	116	115	113	111	95	77	112	110	108	115	117	117	100	124	130	130	132	131	124	123	124	118	120	120	125	125	127	105	99	101	102	99	101	101	102	99	83	104	95	90	96	91	100	101	100	97	98	97	97	97	94	70	112	111	110
39	121	116	116	121	110	116	117	123	123	100	104	105	106	109	110	102	102	100	90	92	91	98	108	109	101	101	114	115	116	114	114	113	93	127	123	122	124	3	5	0	136	136	136	138	136	137	135	139	138	139	104	106	115	124	128	119	119	128	124	122	121	128	122	139	138	110	139	138	117	117	120	121	121	135	135	130	137	124	117	122	124	123	123	123	105	113	115	114	114	112	113	97	80	110	111	109	114	116	115	101	122	128	128	130	130	124	123	124	122	120	124	124	125	127	103	97	99	100	97	99	99	100	101	86	102	93	92	94	93	100	101	100	95	96	95	99	94	94	69	111	110	113
40	139	130	131	134	105	132	132	133	132	139	139	138	138	139	136	132	135	135	137	137	136	134	134	132	141	141	132	131	131	137	138	134	136	138	130	129	129	137	134	136	0	6	6	6	4	8	6	14	20	15	137	140	138	136	135	130	129	137	137	138	138	137	138	85	86	74	86	87	145	145	144	145	146	139	138	132	136	141	130	141	139	141	139	139	113	134	133	138	137	142	138	117	95	140	136	136	138	137	141	118	130	134	134	135	136	134	136	135	132	135	131	132	131	133	134	130	131	131	131	132	132	133	131	107	131	132	130	131	128	134	135	133	135	135	135	137	135	135	95	131	131	128
41	141	127	128	132	104	130	130	127	126	140	142	140	140	141	137	133	135	136	138	137	135	134	134	131	143	140	135	132	130	136	137	133	135	137	132	131	129	138	134	136	6	0	2	5	4	2	6	18	14	19	139	140	137	132	132	129	128	137	133	134	134	138	139	87	86	74	88	89	148	144	146	147	146	139	138	134	138	143	130	143	138	143	139	139	114	135	131	137	136	141	138	118	96	139	136	136	137	136	140	119	130	132	132	132	133	132	135	134	133	136	132	131	131	133	134	130	131	131	130	131	131	131	129	108	132	133	131	132	129	136	137	135	135	135	135	137	135	134	96	129	129	127
42	141	128	129	131	104	131	131	128	127	139	140	138	138	140	136	132	136	136	138	139	137	135	134	131	145	141	135	132	130	137	138	134	136	138	133	131	129	138	134	136	6	2	0	7	6	4	8	20	16	21	138	139	137	132	131	129	128	136	133	134	134	137	138	89	88	75	90	91	147	144	147	148	147	139	138	134	138	143	130	144	139	144	140	140	114	134	132	138	137	141	138	117	95	140	137	137	137	137	140	118	131	132	132	132	133	132	133	132	131	134	130	131	130	132	135	131	132	132	131	131	131	131	129	107	133	132	130	133	130	136	137	135	137	137	137	139	137	136	97	129	129	127
43	138	127	128	134	106	131	131	131	130	139	141	141	142	140	139	135	135	135	137	136	137	132	133	133	141	141	135	133	132	135	136	134	135	136	130	129	128	138	135	138	6	5	7	0	2	5	4	18	19	19	136	139	137	134	133	130	129	138	135	136	136	138	139	86	87	74	87	88	145	143	142	143	143	139	138	132	139	142	130	141	139	141	139	139	114	136	133	137	136	141	140	120	98	139	138	138	136	136	140	121	131	134	134	135	136	134	137	136	135	138	135	132	133	134	133	129	130	130	130	131	131	132	131	110	130	132	133	131	131	135	136	136	134	134	134	139	135	135	97	130	130	130
44	138	129	130	134	106	132	132	131	130	139	140	141	141	139	138	134	135	135	137	136	136	133	132	132	139	140	134	133	132	135	136	133	135	135	128	127	127	137	135	136	4	4	6	2	0	4	2	16	18	17	136	139	136	134	133	130	129	137	134	135	135	138	139	85	86	74	86	87	144	142	142	143	144	140	139	133	138	141	130	140	138	141	140	140	115	135	132	137	136	141	139	119	97	139	137	137	137	136	140	120	130	134	134	134	135	134	137	136	135	136	134	132	133	134	133	129	130	130	130	131	131	132	132	109	131	132	132	131	130	135	136	135	134	134	134	138	134	135	97	129	129	128
45	140	129	130	133	105	132	132	129	128	141	142	140	140	142	138	134	136	138	140	139	137	135	135	132	143	140	135	132	130	135	136	132	136	137	131	130	128	139	135	137	8	2	4	5	4	0	6	20	16	21	138	139	136	131	132	130	129	136	134	135	135	138	139	89	88	75	90	91	147	143	145	146	145	140	139	135	140	145	131	144	139	144	140	140	115	135	133	139	138	143	140	119	97	141	138	138	139	138	142	120	131	133	133	133	134	133	135	134	133	136	132	131	132	134	136	132	133	133	132	133	133	133	131	109	133	134	132	133	130	136	137	135	137	137	137	139	137	136	97	130	130	128
46	139	129	130	133	107	132	132	131	130	141	139	140	140	139	138	134	136	135	138	137	137	135	133	133	140	141	135	134	133	136	137	135	136	136	128	127	127	136	134	135	6	6	8	4	2	6	0	18	20	19	138	140	137	135	131	130	129	137	135	135	135	137	140	85	86	74	87	88	144	143	142	143	144	140	139	133	138	141	130	140	138	141	140	140	115	135	132	136	135	140	138	118	96	138	136	136	137	135	140	120	130	135	135	134	135	135	138	137	136	137	135	133	134	134	132	129	130	130	130	130	130	131	131	109	131	132	132	131	130	135	136	135	134	134	134	138	134	135	97	129	129	129
47	141	130	129	132	105	133	133	134	133	139	141	140	140	140	137	132	135	136	136	135	134	133	135	133	144	142	127	126	127	139	140	136	134	137	130	129	129	140	137	139	14	18	20	18	16	20	18	0	8	1	135	138	139	139	138	132	131	139	138	139	139	136	141	80	81	71	80	81	144	144	142	143	144	139	138	133	135	140	128	140	139	141	139	140	115	132	130	134	134	139	136	115	93	139	135	135	137	136	139	117	126	133	133	135	136	132	133	133	129	132	130	133	133	131	134	132	133	133	133	132	132	133	131	107	133	132	130	133	130	137	138	136	134	134	134	135	134	135	95	131	131	129
48	142	126	125	128	104	131	131	128	127	141	142	140	139	142	138	134	135	137	137	136	134	135	135	132	146	141	131	127	126	139	140	136	135	139	132	131	129	140	136	138	20	14	16	19	18	16	20	8	0	7	138	139	137	133	134	131	130	138	134	135	135	136	143	86	85	73	86	87	147	143	145	146	145	140	139	137	139	142	129	143	138	143	138	139	115	133	130	134	134	138	137	115	93	137	134	134	135	134	138	117	126	132	132	133	134	130	131	130	129	132	129	132	133	132	135	133	134	134	133	132	132	132	130	110	135	134	132	135	132	138	139	137	136	136	136	139	136	136	98	128	128	127
49	142	130	129	131	106	133	133	134	133	140	140	139	139	140	137	132	135	136	136	135	134	134	135	133	144	142	128	127	128	139	140	136	134	137	131	130	130	140	137	139	15	19	21	19	17	21	19	1	7	0	136	139	139	139	137	133	132	140	139	140	140	137	142	81	82	72	81	82	144	144	142	143	144	140	139	134	136	140	128	141	138	141	139	139	114	133	131	134	134	139	136	115	93	138	134	134	136	135	139	117	125	133	133	136	137	131	133	132	129	132	129	133	133	131	134	132	133	133	133	132	132	133	131	108	134	133	131	134	131	137	138	136	135	135	135	136	135	136	96	131	131	129
50	115	128	128	121	115	124	123	131	131	118	124	128	127	127	128	120	124	119	119	118	121	119	114	116	120	123	120	123	125	85	86	87	114	105	127	128	130	101	104	104	137	139	138	136	136	138	138	135	138	136	0	17	78	92	118	126	125	132	128	131	131	124	124	140	142	106	138	138	116	124	118	119	118	140	139	135	141	111	105	113	116	114	117	116	100	126	125	121	120	120	121	105	85	118	120	118	120	121	119	104	131	132	132	132	130	133	132	132	134	133	133	132	135	135	119	116	114	115	118	116	115	116	119	96	120	118	121	117	119	119	120	122	106	107	106	110	107	110	72	117	116	120
51	113	128	129	119	114	125	124	133	133	123	124	126	126	130	132	123	125	122	119	118	121	122	116	116	128	130	123	126	128	85	86	88	121	108	130	131	132	103	105	106	140	140	139	139	139	139	140	138	139	139	17	0	78	89	117	123	122	129	128	132	132	122	125	144	145	109	142	142	116	121	118	119	119	142	142	137	143	113	107	115	118	119	121	120	103	124	125	121	121	120	119	102	80	119	120	119	121	123	120	103	129	131	131	132	130	133	130	130	131	132	130	131	135	134	125	118	116	117	120	120	119	119	123	99	125	124	126	120	121	121	122	124	111	112	111	117	111	114	75	116	115	118
52	118	124	124	126	119	126	127	136	135	128	123	123	124	128	128	122	128	126	117	117	118	116	121	122	123	124	128	130	131	82	83	87	119	109	128	129	130	113	115	115	138	137	137	137	136	136	137	139	137	139	78	78	0	27	70	122	121	124	123	118	118	124	120	144	143	113	143	143	123	127	123	124	124	143	143	139	144	110	101	112	113	111	113	112	95	119	123	125	124	126	126	107	85	126	127	126	125	130	124	107	126	131	131	129	128	127	123	124	127	125	127	128	130	130	127	123	123	124	125	125	126	127	126	105	129	124	125	124	125	128	128	129	121	122	121	124	120	122	83	118	118	119
53	126	132	132	133	112	137	137	129	128	139	132	129	130	138	134	126	139	133	128	128	126	123	126	123	138	132	137	133	134	97	98	93	123	122	136	137	132	125	119	124	136	132	132	134	134	131	135	139	133	139	92	89	27	0	46	131	131	134	135	131	131	134	132	146	145	114	144	144	133	123	133	134	133	152	151	145	150	125	115	128	122	129	124	123	103	128	126	137	136	138	133	113	89	137	134	132	136	139	139	117	138	141	141	138	137	136	134	135	133	133	134	136	138	138	140	134	133	133	134	136	136	137	133	111	142	134	129	132	129	136	136	135	134	135	134	132	131	132	91	130	130	126
54	125	131	131	131	102	133	132	125	125	137	133	131	131	136	136	125	133	134	133	133	132	135	129	127	138	136	136	133	132	118	119	115	135	135	129	129	124	131	127	128	135	132	131	133	133	132	131	138	134	137	118	117	70	46	0	130	129	129	133	128	128	128	127	133	131	107	133	133	133	128	135	135	134	134	134	131	135	134	123	133	130	134	131	131	110	133	133	135	134	139	139	119	97	135	136	135	137	137	137	120	133	136	136	137	136	132	132	132	129	130	129	135	133	133	137	139	139	139	139	139	138	137	136	118	137	136	135	135	134	134	134	133	138	139	138	137	139	137	96	134	135	134
55	127	81	82	88	92	81	80	93	92	128	130	131	132	133	134	128	123	132	117	117	116	123	112	113	129	130	116	117	117	132	131	134	128	134	102	104	104	119	120	119	130	129	129	130	130	130	130	132	131	133	126	123	122	131	130	0	1	87	84	92	91	84	76	134	135	105	133	134	125	126	125	126	124	136	135	133	137	125	117	124	126	125	125	126	106	114	118	124	123	124	127	109	90	119	122	123	121	119	120	106	91	92	92	96	95	93	94	93	96	93	97	94	94	93	121	122	122	123	120	124	123	124	124	112	118	121	123	121	123	126	125	127	123	124	123	130	124	121	90	116	115	120
56	126	82	83	89	93	82	81	94	93	128	129	130	131	134	135	129	122	132	116	116	115	122	111	112	128	129	115	116	116	131	130	133	127	133	102	104	104	119	120	119	129	128	128	129	129	129	129	131	130	132	125	122	121	131	129	1	0	86	83	92	91	85	77	133	134	104	132	133	125	125	125	126	124	135	134	132	136	125	117	124	126	125	125	126	106	113	117	123	122	123	126	108	89	118	121	122	120	118	119	105	92	93	93	97	96	94	93	92	95	92	96	95	94	93	120	121	121	122	119	123	122	123	123	111	117	120	122	120	122	125	124	126	122	123	122	129	123	120	89	115	114	119
57	126	94	94	95	94	92	91	102	102	129	126	126	129	132	132	127	132	132	126	124	122	130	114	116	123	126	119	121	122	129	129	132	135	134	115	116	118	129	131	128	137	137	136	138	137	136	137	139	138	140	132	129	124	134	129	87	86	0	96	103	102	84	89	133	135	106	134	134	117	123	118	118	118	126	126	125	129	121	113	118	121	118	120	121	104	128	130	123	123	124	124	105	89	124	125	125	124	128	120	100	97	100	100	99	98	99	95	95	97	97	99	98	99	99	128	131	132	133	132	132	132	132	133	116	131	133	133	128	130	132	133	131	128	128	128	131	128	130	92	121	120	124
58	124	89	90	90	95	87	88	95	94	123	123	124	125	130	130	125	124	130	118	116	117	127	126	126	118	117	128	128	130	127	127	130	128	127	98	98	99	123	124	124	137	133	133	135	134	134	135	138	134	139	128	128	123	135	133	84	83	96	0	14	13	81	84	133	133	106	134	135	129	132	129	130	129	135	135	132	136	126	115	128	128	128	127	128	110	125	127	126	126	124	125	108	86	127	128	126	124	129	122	106	91	92	92	94	94	90	86	86	89	86	89	94	89	90	117	117	118	119	117	124	123	124	125	103	117	122	124	118	119	120	120	122	120	120	120	121	123	123	89	123	123	124
59	122	92	93	90	96	91	92	97	98	124	124	125	126	127	129	125	122	130	121	120	121	127	128	128	122	123	127	128	130	130	130	133	127	129	103	103	104	121	122	122	138	134	134	136	135	135	135	139	135	140	131	132	118	131	128	92	92	103	14	0	1	87	90	135	134	107	136	137	129	132	128	129	128	137	137	134	138	123	112	128	128	124	124	125	106	122	127	128	128	127	128	110	88	129	130	128	127	130	124	107	94	94	94	98	98	95	93	93	96	93	96	98	95	94	117	118	119	120	118	124	123	124	124	102	124	127	129	125	126	123	123	125	120	120	120	121	123	123	87	123	123	124
60	122	91	92	89	96	90	91	96	97	123	123	124	125	126	128	124	121	130	120	119	120	127	127	127	121	122	126	127	129	130	130	133	126	128	102	102	103	120	121	121	138	134	134	136	135	135	135	139	135	140	131	132	118	131	128	91	91	102	13	1	0	86	91	134	133	107	135	136	129	132	128	129	128	136	136	133	137	123	112	128	128	124	124	125	106	122	127	127	127	126	127	110	88	128	129	127	126	129	123	107	93	93	93	97	97	94	92	92	95	92	95	97	94	93	116	117	118	119	117	123	122	123	123	102	123	126	128	124	125	122	122	124	119	119	119	120	122	122	87	122	122	123
61	127	86	86	84	87	82	81	94	93	124	129	131	132	133	134	129	124	134	119	117	117	123	123	125	134	134	119	119	120	130	130	133	129	127	96	98	100	126	127	128	137	138	137	138	138	138	137	136	136	137	124	122	124	134	128	84	85	84	81	87	86	0	71	137	137	108	139	139	125	127	127	127	126	140	139	134	141	129	122	127	128	128	128	128	111	121	129	122	122	123	124	105	88	122	124	122	122	123	125	109	87	84	84	99	98	85	81	82	84	82	86	84	81	86	122	127	127	128	128	126	125	126	127	109	125	126	129	125	128	129	129	132	117	116	118	122	121	121	91	118	118	119
62	127	82	83	88	88	80	81	91	90	125	126	128	130	131	134	124	126	123	118	117	117	129	119	122	126	126	118	119	120	128	128	131	128	132	90	92	93	123	123	122	138	139	138	139	139	139	140	141	143	142	124	125	120	132	127	76	77	89	84	90	91	71	0	137	138	109	136	137	129	132	129	129	127	133	132	129	136	127	116	125	128	128	130	129	107	126	133	119	119	118	121	104	85	116	120	119	116	119	120	105	90	91	91	99	98	89	95	94	96	93	97	91	91	93	120	123	123	124	122	124	124	125	125	109	118	119	122	116	119	119	118	121	116	117	117	121	119	117	85	125	124	128
63	134	126	126	129	111	128	128	129	128	138	138	139	138	135	133	124	130	135	135	135	136	135	132	132	143	144	130	130	129	143	144	143	137	140	125	126	125	137	139	139	85	87	89	86	85	89	85	80	86	81	140	144	144	146	133	134	133	133	133	135	134	137	137	0	3	6	10	11	137	140	140	141	142	133	132	127	131	132	120	135	135	133	132	133	109	130	129	133	132	133	132	109	87	137	135	136	134	136	136	112	127	133	133	132	133	133	134	134	134	134	135	133	128	130	136	136	136	136	137	132	133	134	134	107	134	135	134	133	132	137	138	137	134	134	135	133	135	136	95	130	129	129
64	137	127	127	130	110	129	129	129	128	139	139	141	139	136	135	126	130	136	136	136	135	135	132	132	145	145	130	130	129	144	145	144	136	140	127	128	126	139	140	138	86	86	88	87	86	88	86	81	85	82	142	145	143	145	131	135	134	135	133	134	133	137	138	3	0	6	13	14	138	139	141	141	141	134	134	127	131	133	120	136	135	134	133	134	110	128	127	131	130	131	132	109	87	135	135	136	132	134	134	112	129	134	134	133	134	132	134	134	134	132	134	134	129	130	137	137	137	137	137	132	133	134	134	109	135	136	136	134	134	138	139	137	135	135	136	135	135	135	96	131	130	130
65	104	99	99	101	105	101	101	102	101	104	105	105	103	103	100	99	100	108	106	106	107	105	103	102	116	116	102	100	100	112	112	112	105	111	97	98	94	109	110	110	74	74	75	74	74	75	74	71	73	72	106	109	113	114	107	105	104	106	106	107	107	108	109	6	6	0	15	16	110	108	112	113	113	105	104	101	102	104	104	109	107	108	104	105	105	104	101	105	104	104	103	103	87	108	107	107	105	108	107	105	99	106	106	106	106	106	106	106	105	105	105	105	102	105	107	107	107	107	108	107	107	108	108	105	104	105	104	102	101	107	108	107	103	103	103	102	105	104	94	105	104	104
66	133	131	131	132	112	131	131	132	131	137	139	140	138	135	135	125	133	134	136	136	137	140	132	131	141	143	128	128	127	141	142	141	137	141	127	128	127	137	137	139	86	88	90	87	86	90	87	80	86	81	138	142	143	144	133	133	132	134	134	136	135	139	136	10	13	15	0	1	136	139	138	139	141	135	134	129	134	135	123	138	138	138	137	137	110	131	130	136	135	134	133	110	89	140	139	139	137	140	138	116	133	135	135	134	135	137	138	137	137	138	135	136	132	133	137	136	136	136	137	134	134	135	136	108	136	134	134	133	133	139	139	139	135	135	136	134	136	137	96	129	128	128
67	134	131	131	132	112	131	131	132	131	138	139	140	138	136	136	126	133	134	136	136	137	140	133	132	140	142	129	129	128	141	142	141	137	142	127	128	127	136	136	138	87	89	91	88	87	91	88	81	87	82	138	142	143	144	133	134	133	134	135	137	136	139	137	11	14	16	1	0	136	139	138	139	141	136	135	130	135	135	123	137	137	137	136	136	110	132	131	136	135	133	132	109	88	139	138	138	136	139	138	117	134	136	136	135	136	138	139	138	138	139	136	137	133	134	138	137	137	137	138	135	135	136	137	109	136	135	135	134	134	140	140	140	136	136	137	135	137	138	97	130	129	129
68	81	123	123	117	109	119	119	125	126	120	120	125	123	121	125	116	122	122	116	115	116	116	114	117	117	121	118	121	122	111	112	114	125	122	119	120	122	115	117	117	145	148	147	145	144	147	144	144	147	144	116	116	123	133	133	125	125	117	129	129	129	125	129	137	138	110	136	136	0	13	20	21	23	140	140	137	139	78	75	83	88	85	90	90	73	123	128	118	117	117	118	101	82	116	118	118	116	122	123	106	120	126	126	127	126	122	120	120	120	117	120	118	123	126	121	125	125	126	124	128	128	129	128	110	119	118	119	118	120	123	124	122	118	119	118	125	116	119	87	111	112	115
69	93	128	128	120	101	121	121	118	119	124	127	123	122	127	123	114	126	122	119	118	116	117	119	115	124	118	121	116	117	118	119	113	123	124	126	127	120	118	112	117	145	144	144	143	142	143	143	144	143	144	124	121	127	123	128	126	125	123	132	132	132	127	132	140	139	108	139	139	13	0	30	31	31	137	137	132	135	90	85	94	89	95	90	89	73	124	119	119	118	117	113	96	77	117	114	114	117	123	123	101	125	129	129	132	131	126	124	124	118	121	119	123	128	130	127	132	132	132	130	134	134	135	130	110	126	124	118	125	120	131	132	129	125	126	125	125	123	123	91	114	115	111
70	85	124	124	118	111	119	119	125	126	123	121	126	124	123	127	119	119	118	116	116	118	119	116	117	119	123	118	121	123	114	115	117	121	122	121	122	124	119	121	120	144	146	147	142	142	145	142	142	145	142	118	118	123	133	135	125	125	118	129	128	128	127	129	140	141	112	138	138	20	30	0	1	3	138	138	135	139	77	74	82	87	81	86	86	69	122	127	119	118	115	115	100	81	117	118	119	118	121	120	103	122	129	129	126	124	126	124	124	124	122	123	122	127	129	119	125	124	125	124	124	125	126	124	108	120	121	122	121	123	123	124	122	118	119	118	124	118	120	86	114	115	117
71	86	125	125	118	111	119	119	125	126	123	121	126	124	123	127	119	119	118	117	117	119	118	116	117	119	123	117	120	122	113	114	116	121	122	121	122	124	120	122	121	145	147	148	143	143	146	143	143	146	143	119	119	124	134	135	126	126	118	130	129	129	127	129	141	141	113	139	139	21	31	1	0	2	137	137	134	138	78	75	82	87	81	86	86	69	123	128	119	119	116	116	101	82	118	119	120	118	121	121	104	122	129	129	127	125	126	124	124	124	122	123	122	127	129	119	125	124	125	124	124	125	126	124	108	120	121	122	121	123	123	124	122	118	119	118	124	118	120	86	115	116	118
72	88	124	124	117	110	118	118	124	125	123	122	125	123	124	126	118	120	119	118	118	119	119	116	116	120	122	119	120	122	113	114	115	122	121	122	123	123	121	122	121	146	146	147	143	144	145	144	144	145	144	118	119	124	133	134	124	124	118	129	128	128	126	127	142	141	113	141	141	23	31	3	2	0	138	138	135	139	80	75	84	87	83	86	86	68	122	128	118	118	115	115	100	81	117	118	119	117	120	120	103	121	128	128	126	124	125	125	125	124	123	123	121	126	128	119	125	124	125	123	123	124	125	123	107	120	121	121	121	122	123	124	122	118	119	118	123	118	119	85	113	114	116
73	140	126	126	130	108	127	127	128	127	135	139	137	138	139	136	130	130	132	129	128	126	137	124	123	140	139	134	133	134	146	146	144	130	135	130	131	130	137	134	135	139	139	139	139	140	140	140	139	140	140	140	142	143	152	134	136	135	126	135	137	136	140	133	133	134	105	135	136	140	137	138	137	138	0	1	6	6	138	124	134	133	136	134	134	105	129	132	125	125	123	123	101	79	127	126	127	124	126	128	104	127	131	131	130	130	128	126	127	125	123	126	127	129	129	130	129	130	131	128	130	131	132	126	96	133	134	133	133	132	130	131	129	136	137	136	132	136	134	88	127	127	128
74	140	125	125	130	108	127	127	128	127	135	139	137	137	139	136	130	130	132	128	127	126	136	125	124	139	138	133	132	133	146	146	144	129	135	129	130	129	137	134	135	138	138	138	138	139	139	139	138	139	139	139	142	143	151	134	135	134	126	135	137	136	139	132	132	134	104	134	135	140	137	138	137	138	1	0	5	7	138	124	134	133	136	134	134	105	130	133	126	126	124	124	102	80	128	127	128	125	127	129	105	126	130	130	131	131	128	125	126	124	123	125	127	129	129	130	129	130	131	128	130	131	132	126	96	133	134	133	133	132	130	131	129	136	137	136	132	136	134	88	127	127	128
75	135	122	122	127	107	122	122	123	122	131	135	131	130	136	130	127	126	127	124	124	123	131	122	118	133	130	126	123	123	143	143	139	124	132	125	125	121	132	126	130	132	134	134	132	133	135	133	133	137	134	135	137	139	145	131	133	132	125	132	134	133	134	129	127	127	101	129	130	137	132	135	134	135	6	5	0	9	136	123	129	125	131	127	127	102	126	125	123	123	123	119	101	79	125	121	122	121	124	126	103	122	127	127	130	131	125	123	124	119	121	120	125	126	125	125	123	124	125	121	127	128	129	123	94	129	129	125	128	124	126	127	125	134	135	133	130	133	131	88	121	121	119
76	140	127	127	131	106	130	130	129	129	137	140	137	137	140	135	129	134	135	132	131	129	139	127	123	141	139	133	131	132	146	146	142	131	135	131	132	129	139	135	137	136	138	138	139	138	140	138	135	139	136	141	143	144	150	135	137	136	129	136	138	137	141	136	131	131	102	134	135	139	135	139	138	139	6	7	9	0	139	124	135	133	137	134	134	105	130	130	129	129	127	124	101	79	131	127	128	128	130	130	103	130	134	134	131	131	131	129	130	126	125	126	131	132	132	134	132	133	134	130	132	133	134	129	96	137	138	134	137	133	135	136	132	140	141	140	132	138	138	89	128	128	127
77	67	127	127	124	109	126	126	126	127	119	119	124	123	123	126	119	119	116	114	111	113	118	117	119	121	125	116	119	121	110	111	113	119	123	120	120	123	122	124	124	141	143	143	142	141	145	141	140	142	140	111	113	110	125	134	125	125	121	126	123	123	129	127	132	133	104	135	135	78	90	77	78	80	138	138	136	139	0	2	31	36	32	37	36	31	120	125	118	119	115	116	102	82	115	117	117	116	118	118	103	122	132	132	131	129	130	130	130	130	128	130	125	131	130	126	122	120	121	121	121	123	124	123	103	123	123	125	123	125	120	121	119	113	114	113	118	111	114	79	116	116	119
78	66	120	120	116	108	118	118	118	119	113	113	116	115	113	114	113	111	107	105	103	104	111	107	108	111	113	106	107	109	103	104	105	112	110	111	111	112	116	117	117	130	130	130	130	130	131	130	128	129	128	105	107	101	115	123	117	117	113	115	112	112	122	116	120	120	104	123	123	75	85	74	75	75	124	124	123	124	2	0	28	31	29	32	31	31	109	112	108	109	107	108	102	82	107	109	109	107	109	108	103	114	124	124	120	119	122	122	122	121	120	121	117	123	123	115	111	109	110	110	110	112	113	112	102	113	112	113	111	113	109	110	108	105	106	105	106	103	105	78	108	108	111
79	67	130	130	126	110	123	123	126	126	116	115	120	118	114	117	112	117	117	115	114	115	119	115	117	116	120	116	119	121	116	117	119	121	122	120	120	123	120	122	122	141	143	144	141	140	144	140	140	143	141	113	115	112	128	133	124	124	118	128	128	128	127	125	135	136	109	138	137	83	94	82	82	84	134	134	129	135	31	28	0	6	8	14	14	12	119	123	120	120	111	113	97	79	114	116	116	114	118	112	97	121	129	129	128	127	129	132	131	132	131	130	128	130	132	121	115	113	114	114	120	122	123	121	103	121	117	118	119	121	119	120	118	112	113	112	117	110	113	79	113	112	115
80	72	131	130	127	108	125	125	123	123	119	120	117	115	119	114	109	118	119	117	116	115	122	118	114	121	116	121	116	116	118	119	114	122	121	124	124	119	124	119	124	139	138	139	139	138	139	138	139	138	138	116	118	113	122	130	126	126	121	128	128	128	128	128	135	135	107	138	137	88	89	87	87	87	133	133	125	133	36	31	6	0	14	10	11	9	119	118	120	120	112	108	93	75	115	112	112	115	119	113	93	123	128	128	127	126	128	131	130	127	131	126	128	129	132	122	116	114	115	115	122	124	125	120	100	123	119	114	120	116	120	121	118	114	115	114	113	111	112	79	115	114	111
81	68	128	129	125	111	126	126	127	127	118	113	118	116	116	119	114	117	118	116	116	116	119	117	117	116	120	118	121	123	116	117	119	119	125	122	122	125	121	123	123	141	143	144	141	141	144	141	141	143	141	114	119	111	129	134	125	125	118	128	124	124	128	128	133	134	108	138	137	85	95	81	81	83	136	136	131	137	32	29	8	14	0	6	6	6	120	125	122	121	111	113	97	79	115	117	117	114	119	115	100	123	131	131	129	128	130	133	131	133	132	130	130	131	132	123	115	113	114	114	118	120	121	119	101	122	120	121	121	123	120	121	119	116	117	116	120	114	117	83	113	114	117
82	73	128	129	124	108	126	126	124	124	120	116	113	111	119	114	109	117	118	116	116	114	120	119	113	121	115	122	117	118	119	120	114	118	125	126	126	121	123	118	123	139	139	140	139	140	140	140	139	138	139	117	121	113	124	131	125	125	120	127	124	124	128	130	132	133	104	137	136	90	90	86	86	86	134	134	127	134	37	32	14	10	6	0	2	2	119	119	123	122	112	108	93	75	116	113	113	114	119	116	96	125	131	131	129	128	129	132	130	127	131	124	129	131	132	124	116	114	115	114	119	121	122	116	96	124	121	115	122	117	121	122	119	118	119	118	115	116	116	82	115	116	113
83	73	128	129	125	108	125	125	124	124	120	116	113	111	118	113	108	117	117	117	117	115	121	119	112	122	116	121	116	118	118	119	113	118	124	125	125	120	123	118	123	139	139	140	139	140	140	140	140	139	139	116	120	112	123	131	126	126	121	128	125	125	128	129	133	134	105	137	136	90	89	86	86	86	134	134	127	134	36	31	14	11	6	2	0	2	120	120	122	121	112	109	93	75	115	112	112	114	119	115	95	125	131	131	129	128	130	132	131	127	131	125	129	131	132	124	116	114	115	114	120	122	123	117	97	123	122	116	123	118	122	123	120	118	119	118	114	116	116	82	114	115	112
84	60	107	108	104	106	109	109	107	107	99	97	94	92	98	93	93	99	98	97	97	96	103	100	95	103	97	98	93	95	101	102	96	100	109	105	105	100	105	100	105	113	114	114	114	115	115	115	115	115	114	100	103	95	103	110	106	106	104	110	106	106	111	107	109	110	105	110	110	73	73	69	69	68	105	105	102	105	31	31	12	9	6	2	2	0	101	100	103	102	93	90	90	74	96	93	93	95	100	96	91	106	112	112	105	104	111	111	109	106	110	103	110	111	111	104	98	96	97	97	102	103	104	99	97	100	99	93	100	95	99	100	97	98	98	98	92	96	96	82	97	98	95
85	118	123	123	120	105	122	123	124	124	108	108	111	110	106	109	105	112	120	116	116	116	116	79	83	126	125	117	117	118	124	124	123	114	121	120	120	121	115	115	113	134	135	134	136	135	135	135	132	133	133	126	124	119	128	133	114	113	128	125	122	122	121	126	130	128	104	131	132	123	124	122	123	122	129	130	126	130	120	109	119	119	120	119	120	101	0	13	45	45	59	64	54	46	50	55	55	54	54	49	47	120	122	122	123	123	121	122	121	121	119	119	122	122	119	117	112	113	114	112	116	117	118	115	96	111	106	107	107	109	112	113	113	105	106	106	107	108	107	77	76	76	78
86	125	126	126	126	105	124	125	124	124	115	116	113	112	114	111	105	117	124	122	122	121	122	88	85	132	127	122	117	118	124	124	119	118	121	127	128	121	117	114	115	133	131	132	133	132	133	132	130	130	131	125	125	123	126	133	118	117	130	127	127	127	129	133	129	127	101	130	131	128	119	127	128	128	132	133	125	130	125	112	123	118	125	119	120	100	13	0	55	55	68	65	54	45	59	56	56	63	63	58	47	126	128	128	126	126	127	128	127	123	125	121	127	128	126	120	118	119	120	120	122	123	124	120	96	117	112	108	112	109	118	119	118	110	111	111	107	110	111	78	81	81	76
87	121	123	123	115	102	114	115	117	117	105	105	108	108	104	107	104	115	115	112	113	113	118	74	77	117	118	116	116	118	122	122	122	108	122	117	117	118	116	116	114	138	137	138	137	137	139	136	134	134	134	121	121	125	137	135	124	123	123	126	128	127	122	119	133	131	105	136	136	118	119	119	119	118	125	126	123	129	118	108	120	120	122	123	122	103	45	55	0	1	37	42	41	36	32	37	37	33	35	38	42	126	128	128	129	129	127	125	125	124	123	123	127	129	126	110	112	113	114	112	113	114	115	112	94	114	105	106	105	108	107	108	108	101	102	102	105	104	101	78	74	74	76
88	122	123	123	115	101	114	115	117	117	105	105	108	108	104	107	104	115	115	112	113	113	118	73	76	116	117	116	116	118	121	121	121	108	122	117	117	118	115	115	114	137	136	137	136	136	138	135	134	134	134	120	121	124	136	134	123	122	123	126	128	127	122	119	132	130	104	135	135	117	118	118	119	118	125	126	123	129	119	109	120	120	121	122	121	102	45	55	1	0	36	41	40	35	31	36	36	32	34	37	41	127	128	128	129	129	126	124	124	123	122	122	126	128	125	111	113	114	115	113	113	114	115	112	94	115	104	105	104	107	107	108	108	101	102	102	105	104	101	78	74	74	76
89	116	117	118	115	102	111	111	112	112	110	108	111	111	108	111	107	118	119	113	114	115	121	79	82	123	122	118	118	119	122	123	121	113	126	116	117	118	113	113	112	142	141	141	141	141	143	140	139	138	139	120	120	126	138	139	124	123	124	124	127	126	123	118	133	131	104	134	133	117	117	115	116	115	123	124	123	127	115	107	111	112	111	112	112	93	59	68	37	36	0	5	5	5	25	30	30	23	28	30	33	123	125	125	124	124	125	125	124	124	124	123	127	128	125	115	114	116	117	114	114	115	116	113	94	113	107	108	107	109	107	108	109	102	103	103	107	104	103	78	73	74	77
90	118	117	118	115	105	111	111	112	112	113	111	108	107	111	107	103	120	120	114	115	115	124	82	77	124	118	119	114	116	122	123	117	114	126	117	118	113	114	111	113	138	138	138	140	139	140	138	136	137	136	121	119	126	133	139	127	126	124	125	128	127	124	121	132	132	103	133	132	118	113	115	116	115	123	124	119	124	116	108	113	108	113	108	109	90	64	65	42	41	5	0	2	2	30	27	27	28	33	35	30	124	125	125	123	123	125	125	124	121	124	119	127	128	126	117	118	118	119	118	117	118	119	114	91	116	110	104	110	105	110	111	109	105	106	106	103	103	104	77	75	76	73
91	101	103	104	101	104	98	98	98	98	94	93	90	89	91	86	88	102	99	97	98	98	106	71	65	106	100	97	92	93	103	104	98	102	107	103	104	99	98	95	97	117	118	117	120	119	119	118	115	115	115	105	102	107	113	119	109	108	105	108	110	110	105	104	109	109	103	110	109	101	96	100	101	100	101	102	101	101	102	102	97	93	97	93	93	90	54	54	41	40	5	2	0	1	28	25	25	26	31	33	30	103	105	105	102	102	105	105	104	101	104	99	108	108	106	100	100	102	103	99	98	99	100	95	90	98	94	88	94	89	93	94	92	95	95	95	91	93	94	77	63	64	61
92	82	86	87	84	87	85	85	85	85	75	75	72	71	76	71	72	86	83	84	84	84	92	55	49	90	85	86	81	82	82	83	78	88	90	86	87	82	81	77	80	95	96	95	98	97	97	96	93	93	93	85	80	85	89	97	90	89	89	86	88	88	88	85	87	87	87	89	88	82	77	81	82	81	79	80	79	79	82	82	79	75	79	75	75	74	46	45	36	35	5	2	1	0	23	19	19	22	25	27	24	85	88	88	86	86	86	87	86	83	85	81	90	88	86	82	81	83	84	80	78	79	80	75	73	79	77	72	77	72	76	77	75	79	79	79	75	77	78	77	54	55	52
93	120	119	120	117	103	115	116	115	115	100	99	102	102	98	101	98	112	113	111	111	112	116	67	71	113	114	115	115	118	119	119	119	105	120	118	117	119	112	112	110	140	139	140	139	139	141	138	139	137	138	118	119	126	137	135	119	118	124	127	129	128	122	116	137	135	108	140	139	116	117	117	118	117	127	128	125	131	115	107	114	115	115	116	115	96	50	59	32	31	25	30	28	23	0	5	5	16	10	32	35	124	127	127	126	125	126	128	128	127	124	126	130	127	128	109	110	111	112	110	109	110	111	108	90	112	102	103	103	105	104	105	106	97	98	98	104	99	98	74	69	70	73
94	121	119	120	117	105	115	116	114	114	103	102	99	98	101	97	94	115	114	114	114	114	121	71	67	113	109	117	112	115	120	120	116	107	119	120	119	115	113	110	111	136	136	137	138	137	138	136	135	134	134	120	120	127	134	136	122	121	125	128	130	129	124	120	135	135	107	139	138	118	114	118	119	118	126	127	121	127	117	109	116	112	117	113	112	93	55	56	37	36	30	27	25	19	5	0	2	21	13	37	32	123	126	126	124	124	125	127	127	123	123	121	129	126	128	111	113	114	115	113	111	112	113	108	86	115	105	99	106	101	107	108	106	100	101	101	100	98	99	73	72	73	70
95	121	119	120	117	105	114	115	113	113	103	102	99	98	102	98	95	116	115	114	113	113	121	71	67	114	110	115	110	113	120	120	116	108	120	119	118	114	111	108	109	136	136	137	138	137	138	136	135	134	134	118	119	126	132	135	123	122	125	126	128	127	122	119	136	136	107	139	138	118	114	119	120	119	127	128	122	128	117	109	116	112	117	113	112	93	55	56	37	36	30	27	25	19	5	2	0	21	15	37	32	123	126	126	124	123	125	127	127	123	123	121	129	126	128	112	114	115	116	114	112	113	114	109	87	116	106	100	105	100	108	109	107	99	100	100	99	97	98	73	71	72	69
96	121	119	119	118	102	117	118	115	115	101	102	105	105	101	104	101	114	118	112	111	111	117	71	74	112	113	118	118	120	121	122	121	112	120	117	117	118	115	115	114	138	137	137	136	137	139	137	137	135	136	120	121	125	136	137	121	120	124	124	127	126	122	116	134	132	105	137	136	116	117	118	118	117	124	125	121	128	116	107	114	115	114	114	114	95	54	63	33	32	23	28	26	22	16	21	21	0	15	34	37	122	126	126	126	125	124	126	125	125	124	123	127	124	123	109	111	112	113	111	109	110	111	108	90	111	101	102	102	104	104	105	106	100	101	101	107	102	101	76	68	69	72
97	119	119	120	119	104	116	117	116	116	105	104	107	107	103	106	103	115	120	113	113	114	120	72	75	117	118	119	119	121	124	124	124	111	121	118	118	119	117	117	116	137	136	137	136	136	138	135	136	134	135	121	123	130	139	137	119	118	128	129	130	129	123	119	136	134	108	140	139	122	123	121	121	120	126	127	124	130	118	109	118	119	119	119	119	100	54	63	35	34	28	33	31	25	10	13	15	15	0	34	37	125	128	128	126	126	126	127	127	126	124	125	129	127	126	113	114	115	116	114	114	115	116	113	95	115	104	105	105	107	107	108	109	100	101	101	107	102	101	77	73	74	77
98	118	121	122	121	106	115	116	116	116	108	106	109	109	104	107	104	119	121	113	113	114	121	74	78	120	119	119	119	121	119	119	118	113	121	120	121	122	117	117	115	141	140	140	140	140	142	140	139	138	139	119	120	124	139	137	120	119	120	122	124	123	125	120	136	134	107	138	138	123	123	120	121	120	128	129	126	130	118	108	112	113	115	116	115	96	49	58	38	37	30	35	33	27	32	37	37	34	34	0	5	126	131	131	127	127	128	129	129	128	127	127	129	130	128	113	111	112	113	111	113	114	115	112	93	114	108	109	107	109	111	112	113	103	104	104	108	106	104	78	72	73	76
99	105	106	107	106	107	100	101	100	100	92	91	88	87	88	84	86	103	102	98	98	98	109	67	62	106	100	97	92	94	101	101	96	102	106	108	109	104	103	100	101	118	119	118	121	120	120	120	117	117	117	104	103	107	117	120	106	105	100	106	107	107	109	105	112	112	105	116	117	106	101	103	104	103	104	105	103	103	103	103	97	93	100	96	95	91	47	47	42	41	33	30	30	24	35	32	32	37	37	5	0	108	113	113	105	105	110	111	111	107	109	105	111	112	112	99	98	99	100	97	99	100	101	96	88	99	96	90	95	90	97	98	96	95	95	95	91	94	94	78	65	66	63
100	119	72	71	70	76	69	70	80	79	127	128	129	130	132	133	128	123	127	112	114	116	120	125	124	123	125	116	117	119	130	131	133	125	120	98	99	100	120	124	122	130	130	131	131	130	131	130	126	126	125	131	129	126	138	133	91	92	97	91	94	93	87	90	127	129	99	133	134	120	125	122	122	121	127	126	122	130	122	114	121	123	123	125	125	106	120	126	126	127	123	124	103	85	124	123	123	122	125	126	108	0	28	28	62	61	25	29	27	30	31	30	34	26	30	118	114	115	116	116	117	117	118	120	100	117	122	124	119	121	115	116	116	118	119	118	121	119	120	88	113	113	116
101	128	78	77	75	80	71	72	82	81	128	130	130	132	132	133	128	126	131	118	118	116	126	126	125	131	132	122	122	124	133	133	135	129	124	101	102	103	128	130	128	134	132	132	134	134	133	135	133	132	133	132	131	131	141	136	92	93	100	92	94	93	84	91	133	134	106	135	136	126	129	129	129	128	131	130	127	134	132	124	129	128	131	131	131	112	122	128	128	128	125	125	105	88	127	126	126	126	128	131	113	28	0	0	64	63	25	32	30	36	33	36	35	31	31	127	126	125	126	128	125	125	126	127	107	122	126	128	124	126	122	122	123	124	125	124	127	127	126	93	119	119	120
102	128	78	77	75	80	71	72	82	81	128	130	130	132	132	133	128	126	131	118	118	116	126	126	125	131	132	122	122	124	133	133	135	129	124	101	102	103	128	130	128	134	132	132	134	134	133	135	133	132	133	132	131	131	141	136	92	93	100	92	94	93	84	91	133	134	106	135	136	126	129	129	129	128	131	130	127	134	132	124	129	128	131	131	131	112	122	128	128	128	125	125	105	88	127	126	126	126	128	131	113	28	0	0	64	63	25	32	30	36	33	36	35	31	31	127	126	125	126	128	125	125	126	127	107	122	126	128	124	126	122	122	123	124	125	124	127	127	126	93	119	119	120
103	123	76	75	76	82	71	72	82	82	128	124	124	125	130	129	122	127	130	116	115	115	126	123	124	129	129	122	122	125	133	133	135	134	131	109	110	110	129	132	130	135	132	132	135	134	133	134	135	133	136	132	132	129	138	137	96	97	99	94	98	97	99	99	132	133	106	134	135	127	132	126	127	126	130	131	130	131	131	120	128	127	129	129	129	105	123	126	129	129	124	123	102	86	126	124	124	126	126	127	105	62	64	64	0	2	59	60	60	65	62	65	64	62	59	121	122	120	121	124	127	127	128	127	103	125	126	127	123	124	125	126	126	125	126	124	127	126	126	90	114	114	115
104	122	76	75	76	82	71	72	82	82	128	123	123	124	131	129	123	126	129	115	114	114	125	121	122	128	128	123	123	126	132	132	134	133	130	108	109	109	129	131	130	136	133	133	136	135	134	135	136	134	137	130	130	128	137	136	95	96	98	94	98	97	98	98	133	134	106	135	136	126	131	124	125	124	130	131	131	131	129	119	127	126	128	128	128	104	123	126	129	129	124	123	102	86	125	124	123	125	126	127	105	61	63	63	2	0	58	59	59	64	61	64	63	61	58	120	122	120	121	124	126	126	127	126	103	125	126	127	123	124	125	126	126	124	125	123	127	125	125	90	116	116	117
105	125	69	69	67	73	65	66	76	75	128	129	130	131	133	134	129	120	126	115	115	113	122	126	125	126	126	124	123	125	131	131	134	127	123	100	101	102	123	124	124	134	132	132	134	134	133	135	132	130	131	133	133	127	136	132	93	94	99	90	95	94	85	89	133	132	106	137	138	122	126	126	126	125	128	128	125	131	130	122	129	128	130	129	130	111	121	127	127	126	125	125	105	86	126	125	125	124	126	128	110	25	25	25	59	58	0	18	16	22	19	22	23	17	16	124	120	119	120	122	121	121	122	122	104	120	123	125	120	122	116	117	117	124	125	124	127	127	127	95	119	119	121
106	124	73	73	68	72	71	72	82	81	127	125	126	127	133	134	129	121	127	113	115	113	124	119	119	125	125	122	121	122	130	130	133	129	123	102	103	104	122	123	123	136	135	133	137	137	135	138	133	131	133	132	130	123	134	132	94	93	95	86	93	92	81	95	134	134	106	138	139	120	124	124	124	125	126	125	123	129	130	122	132	131	133	132	132	111	122	128	125	124	125	125	105	87	128	127	127	126	127	129	111	29	32	32	60	59	18	0	2	6	7	8	29	25	24	124	121	120	121	123	124	123	124	125	104	122	129	131	125	127	120	121	121	122	121	122	124	124	124	92	118	119	120
107	123	72	72	69	73	70	71	81	80	128	127	128	129	134	135	129	120	128	115	117	115	126	121	121	125	125	122	121	122	129	129	132	130	123	101	102	103	123	124	124	135	134	132	136	136	134	137	133	130	132	132	130	124	135	132	93	92	95	86	93	92	82	94	134	134	106	137	138	120	124	124	124	125	127	126	124	130	130	122	131	130	131	130	131	109	121	127	125	124	124	124	104	86	128	127	127	125	127	129	111	27	30	30	60	59	16	2	0	6	9	6	27	23	22	123	120	119	120	122	123	122	123	124	103	121	128	130	124	126	119	120	120	122	121	122	124	124	124	92	117	118	119
108	124	76	76	71	67	74	75	77	76	129	127	122	124	135	131	126	122	128	116	118	114	126	121	116	126	121	121	117	118	131	131	128	127	124	102	103	98	124	118	122	132	133	131	135	135	133	136	129	129	129	134	131	127	133	129	96	95	97	89	96	95	84	96	134	134	105	137	138	120	118	124	124	124	125	124	119	126	130	121	132	127	133	127	127	106	121	123	124	123	124	121	101	83	127	123	123	125	126	128	107	30	36	36	65	64	22	6	6	0	7	3	33	29	27	125	123	122	123	123	126	125	126	123	100	124	131	127	127	123	122	123	120	124	123	124	120	123	122	90	117	118	116
109	123	75	75	70	70	72	73	79	78	127	123	123	124	130	130	125	120	127	115	116	112	122	120	118	123	123	123	122	123	131	131	131	127	122	101	102	102	122	120	120	135	136	134	138	136	136	137	132	132	132	133	132	125	133	130	93	92	97	86	93	92	82	93	134	132	105	138	139	117	121	122	122	123	123	123	121	125	128	120	131	131	132	131	131	110	119	125	123	122	124	124	104	85	124	123	123	124	124	127	109	31	33	33	62	61	19	7	9	7	0	9	30	26	25	123	123	122	123	124	125	124	125	124	102	121	127	126	125	124	118	119	114	123	122	123	122	122	122	90	116	117	118
110	122	75	75	73	69	73	74	76	75	129	128	124	124	134	129	123	120	127	117	119	116	129	121	115	124	119	120	115	116	131	131	127	128	122	103	104	98	125	120	124	131	132	130	135	134	132	135	130	129	129	133	130	127	134	129	97	96	99	89	96	95	86	97	135	134	105	135	136	120	119	123	123	123	126	125	120	126	130	121	130	126	130	124	125	103	119	121	123	122	123	119	99	81	126	121	121	123	125	127	105	30	36	36	65	64	22	8	6	3	9	0	33	29	27	124	122	121	122	122	125	124	125	122	98	123	130	125	126	121	121	122	118	124	123	124	119	122	123	89	115	116	113
111	124	73	72	68	72	70	71	81	80	128	127	128	129	130	131	125	122	127	120	120	119	125	124	126	122	122	129	128	131	127	127	130	130	124	100	102	103	123	125	124	132	131	131	132	132	131	133	133	132	133	132	131	128	136	135	94	95	98	94	98	97	84	91	133	134	105	136	137	118	123	122	122	121	127	127	125	131	125	117	128	128	130	129	129	110	122	127	127	126	127	127	108	90	130	129	129	127	129	129	111	34	35	35	64	63	23	29	27	33	30	33	0	24	24	119	121	120	121	123	123	123	124	123	105	115	120	122	118	120	114	115	115	119	118	119	122	121	121	89	120	120	121
112	125	72	72	66	71	69	70	80	79	130	131	132	133	135	136	131	121	128	118	117	117	122	127	127	122	122	126	125	127	128	128	131	132	121	96	97	98	124	125	125	131	131	130	133	133	132	134	133	133	133	135	135	130	138	133	94	94	99	89	95	94	81	91	128	129	102	132	133	123	128	127	127	126	129	129	126	132	131	123	130	129	131	131	131	111	122	128	129	128	128	128	108	88	127	126	126	124	127	130	112	26	31	31	62	61	17	25	23	29	26	29	24	0	19	124	120	120	121	122	126	126	127	127	107	118	122	124	119	121	115	116	116	120	119	120	124	122	122	91	122	121	123
113	128	68	68	65	70	68	69	78	78	129	128	129	130	134	135	128	117	129	119	118	117	124	124	124	124	124	128	127	130	131	132	134	130	124	102	103	104	126	127	127	133	133	132	134	134	134	134	131	132	131	135	134	130	138	133	93	93	99	90	94	93	86	93	130	130	105	133	134	126	130	129	129	128	129	129	125	132	130	123	132	132	132	132	132	111	119	126	126	125	125	126	106	86	128	128	128	123	126	128	112	30	31	31	59	58	16	24	22	27	25	27	24	19	0	125	123	122	123	125	123	123	124	124	103	120	124	126	122	124	115	116	117	120	119	120	123	122	122	92	118	118	119
114	121	120	120	115	111	109	109	118	118	82	92	96	96	90	93	86	88	87	85	85	88	92	105	107	103	104	121	122	124	122	122	125	97	121	113	113	114	103	105	103	134	134	135	133	133	136	132	134	135	134	119	125	127	140	137	121	120	128	117	117	116	122	120	136	137	107	137	138	121	127	119	119	119	130	130	125	134	126	115	121	122	123	124	124	104	117	120	110	111	115	117	100	82	109	111	112	109	113	113	99	118	127	127	121	120	124	124	123	125	123	124	119	124	125	0	34	36	37	36	46	45	46	48	43	47	47	52	53	57	48	49	51	57	58	57	67	60	62	41	105	104	108
115	115	117	117	112	111	112	112	120	120	72	80	85	85	83	87	81	87	83	80	80	82	90	111	113	99	100	117	118	120	114	114	117	87	114	106	106	108	97	99	97	130	130	131	129	129	132	129	132	133	132	116	118	123	134	139	122	121	131	117	118	117	127	123	136	137	107	136	137	125	132	125	125	125	129	129	123	132	122	111	115	116	115	116	116	98	112	118	112	113	114	118	100	81	110	113	114	111	114	111	98	114	126	126	122	122	120	121	120	123	123	122	121	120	123	34	0	2	3	2	31	30	31	33	35	48	43	49	46	52	45	46	50	54	55	54	63	59	59	39	107	106	110
116	114	117	117	112	111	113	113	121	121	73	81	86	86	84	88	82	88	85	81	81	83	91	111	114	100	101	117	118	120	114	114	117	87	115	106	106	108	99	101	99	131	131	132	130	130	133	130	133	134	133	114	116	123	133	139	122	121	132	118	119	118	127	123	136	137	107	136	137	125	132	124	124	124	130	130	124	133	120	109	113	114	113	114	114	96	113	119	113	114	116	118	102	83	111	114	115	112	115	112	99	115	125	125	120	120	119	120	119	122	122	121	120	120	122	36	2	0	1	4	33	32	33	35	37	50	45	51	48	54	47	48	52	56	57	56	65	61	61	41	109	108	112
117	113	118	118	113	111	114	114	122	122	74	82	87	87	85	89	83	89	86	82	82	84	92	112	115	101	102	118	119	121	115	115	118	86	116	107	107	109	100	102	100	131	131	132	130	130	133	130	133	134	133	115	117	124	133	139	123	122	133	119	120	119	128	124	136	137	107	136	137	126	132	125	125	125	131	131	125	134	121	110	114	115	114	115	115	97	114	120	114	115	117	119	103	84	112	115	116	113	116	113	100	116	126	126	121	121	120	121	120	123	123	122	121	121	123	37	3	1	0	5	34	33	34	36	38	51	46	52	49	55	48	49	53	57	58	57	66	62	62	42	110	109	113
118	114	119	119	114	110	114	114	121	121	72	79	83	83	83	86	80	87	84	80	80	80	91	112	113	98	98	118	119	121	116	116	117	87	116	107	107	108	99	99	97	131	130	131	130	130	132	130	133	133	133	118	120	125	134	139	120	119	132	117	118	117	128	122	137	137	108	137	138	124	130	124	124	123	128	128	121	130	121	110	114	115	114	114	114	97	112	120	112	113	114	118	99	80	110	113	114	111	114	111	97	116	128	128	124	124	122	123	122	123	124	122	123	122	125	36	2	4	5	0	33	32	33	33	34	50	45	49	48	52	47	48	50	56	57	56	63	59	59	38	107	106	110
119	120	117	117	111	110	109	109	117	117	75	81	85	85	87	90	83	85	85	78	78	80	87	107	110	99	100	115	116	118	113	113	116	89	117	112	112	114	99	101	99	132	131	131	131	131	133	130	132	132	132	116	120	125	136	139	124	123	132	124	124	123	126	124	132	132	107	134	135	128	134	124	124	123	130	130	127	132	121	110	120	122	118	119	120	102	116	122	113	113	114	117	98	78	109	111	112	109	114	113	99	117	125	125	127	126	121	124	123	126	125	125	123	126	123	46	31	33	34	33	0	4	5	4	9	52	50	55	54	59	54	55	58	57	58	58	66	60	62	43	110	109	113
120	120	117	117	112	109	109	109	116	116	75	81	85	85	87	90	83	87	84	78	78	80	87	108	111	100	101	116	117	119	114	114	117	88	118	112	112	114	99	101	99	132	131	131	131	131	133	130	132	132	132	115	119	126	136	138	123	122	132	123	123	122	125	124	133	133	107	134	135	128	134	125	125	124	131	131	128	133	123	112	122	124	120	121	122	103	117	123	114	114	115	118	99	79	110	112	113	110	115	114	100	117	125	125	127	126	121	123	122	125	124	124	123	126	123	45	30	32	33	32	4	0	1	8	12	51	49	54	53	58	53	54	57	57	58	58	66	60	62	43	110	109	113
121	119	118	118	113	109	110	110	116	116	76	82	86	86	88	91	84	88	85	79	79	81	88	109	112	101	102	117	118	120	115	115	118	89	117	113	113	115	100	102	100	133	131	131	132	132	133	131	133	132	133	116	119	127	137	137	124	123	132	124	124	123	126	125	134	134	108	135	136	129	135	126	126	125	132	132	129	134	124	113	123	125	121	122	123	104	118	124	115	115	116	119	100	80	111	113	114	111	116	115	101	118	126	126	128	127	122	124	123	126	125	125	124	127	124	46	31	33	34	33	5	1	0	9	13	52	50	55	54	59	54	55	58	58	59	59	67	61	63	44	111	110	114
122	122	118	118	112	110	110	110	114	114	77	82	82	82	88	87	80	86	87	81	81	80	88	109	108	99	96	117	114	116	115	115	114	89	117	114	114	112	103	99	101	131	129	129	131	132	131	131	131	130	131	119	123	126	133	136	124	123	133	125	124	123	127	125	134	134	108	136	137	128	130	124	124	123	126	126	123	129	123	112	121	120	119	116	117	99	115	120	112	112	113	114	95	75	108	108	109	108	113	112	96	120	127	127	127	126	122	125	124	123	124	122	123	127	124	48	33	35	36	33	4	8	9	0	7	55	52	52	57	57	56	57	57	59	60	60	63	60	60	41	111	110	111
123	102	104	104	98	105	98	98	101	101	61	66	63	62	69	63	63	76	71	67	68	68	80	94	88	84	79	94	89	90	97	97	93	75	97	96	96	91	87	83	86	107	108	107	110	109	109	109	107	110	108	96	99	105	111	118	112	111	116	103	102	102	109	109	107	109	105	108	109	110	110	108	108	107	96	96	94	96	103	102	103	100	101	96	97	97	96	96	94	94	94	91	90	73	90	86	87	90	95	93	88	100	107	107	103	103	104	104	103	100	102	98	105	107	103	43	35	37	38	34	9	12	13	7	0	47	48	44	51	47	50	51	49	53	53	53	50	52	53	42	92	91	88
124	115	113	113	106	109	109	108	119	118	79	87	92	92	87	91	84	89	86	86	85	87	87	109	113	103	104	118	119	121	115	115	118	96	117	104	105	106	102	104	102	131	132	133	130	131	133	131	133	135	134	120	125	129	142	137	118	117	131	117	124	123	125	118	134	135	104	136	136	119	126	120	120	120	133	133	129	137	123	113	121	123	122	124	123	100	111	117	114	115	113	116	98	79	112	115	116	111	115	114	99	117	122	122	125	125	120	122	121	124	121	123	115	118	120	47	48	50	51	50	52	51	52	55	47	0	28	34	30	34	27	28	32	43	43	43	54	48	48	29	111	111	115
125	120	119	119	113	109	114	114	121	121	74	82	87	87	80	84	75	82	84	81	80	81	88	108	111	98	99	121	122	122	115	115	118	92	117	104	104	106	93	95	93	132	133	132	132	132	134	132	132	134	133	118	124	124	134	136	121	120	133	122	127	126	126	119	135	136	105	134	135	118	124	121	121	121	134	134	129	138	123	112	117	119	120	121	122	99	106	112	105	104	107	110	94	77	102	105	106	101	104	108	96	122	126	126	126	126	123	129	128	131	127	130	120	122	124	47	43	45	46	45	50	49	50	52	48	28	0	6	11	15	26	27	31	38	38	38	49	43	43	27	109	108	113
126	121	121	121	115	106	115	115	117	117	80	86	83	82	85	80	71	87	88	86	85	83	92	111	105	101	95	123	118	118	117	117	113	92	117	108	108	103	94	90	92	130	131	130	133	132	132	132	130	132	131	121	126	125	129	135	123	122	133	124	129	128	129	122	134	136	104	134	135	119	118	122	122	121	133	133	125	134	125	113	118	114	121	115	116	93	107	108	106	105	108	104	88	72	103	99	100	102	105	109	90	124	128	128	127	127	125	131	130	127	126	125	122	124	126	52	49	51	52	49	55	54	55	52	44	34	6	0	17	11	32	33	31	44	44	44	45	43	44	26	111	110	108
127	119	114	114	108	105	111	111	117	117	79	85	90	90	86	91	81	85	87	82	81	82	88	103	107	99	100	117	118	118	117	117	120	96	120	105	105	107	94	96	94	131	132	133	131	131	133	131	133	135	134	117	120	124	132	135	121	120	128	118	125	124	125	116	133	134	102	133	134	118	125	121	121	121	133	133	128	137	123	111	119	120	121	122	123	100	107	112	105	104	107	110	94	77	103	106	105	102	105	107	95	119	124	124	123	123	120	125	124	127	125	126	118	119	122	53	46	48	49	48	54	53	54	57	51	30	11	17	0	6	29	30	34	39	39	39	50	44	44	29	110	109	114
128	121	116	116	111	103	113	113	115	115	85	90	87	86	90	86	76	89	90	86	85	84	91	107	102	100	94	119	114	114	118	118	114	96	119	108	108	103	95	91	93	128	129	130	131	130	130	130	130	132	131	119	121	125	129	134	123	122	130	119	126	125	128	119	132	134	101	133	134	120	120	123	123	122	132	132	124	133	125	113	121	116	123	117	118	95	109	109	108	107	109	105	89	72	105	101	100	104	107	109	90	121	126	126	124	124	122	127	126	123	124	121	120	121	124	57	52	54	55	52	59	58	59	57	47	34	15	11	6	0	33	34	32	44	44	44	45	43	44	28	112	111	109
129	121	115	115	107	105	110	110	120	119	78	81	86	86	86	91	84	89	86	86	85	87	88	109	113	96	97	124	125	127	111	111	114	96	116	110	110	112	98	100	100	134	136	136	135	135	136	135	137	138	137	119	121	128	136	134	126	125	132	120	123	122	129	119	137	138	107	139	140	123	131	123	123	123	130	130	126	135	120	109	119	120	120	121	122	99	112	118	107	107	107	110	93	76	104	107	108	104	107	111	97	115	122	122	125	125	116	120	119	122	118	121	114	115	115	48	45	47	48	47	54	53	54	56	50	27	26	32	29	33	0	1	5	43	43	43	54	48	48	30	111	112	116
130	122	116	116	108	106	111	111	120	119	79	82	87	87	87	92	85	88	87	85	84	86	87	110	114	96	97	125	126	128	112	112	115	97	117	109	109	111	99	101	101	135	137	137	136	136	137	136	138	139	138	120	122	128	136	134	125	124	133	120	123	122	129	118	138	139	108	139	140	124	132	124	124	124	131	131	127	136	121	110	120	121	121	122	123	100	113	119	108	108	108	111	94	77	105	108	109	105	108	112	98	116	122	122	126	126	117	121	120	123	119	122	115	116	116	49	46	48	49	48	55	54	55	57	51	28	27	33	30	34	1	0	6	44	44	44	55	49	49	30	112	113	117
131	120	118	118	110	106	113	113	120	119	83	84	86	85	89	90	83	92	89	91	90	88	91	112	111	96	96	123	123	125	112	112	113	97	117	111	111	111	101	100	100	133	135	135	136	135	135	135	136	137	136	122	124	129	135	133	127	126	131	122	125	124	132	121	137	137	107	139	140	122	129	122	122	122	129	129	125	132	119	108	118	118	119	119	120	97	113	118	108	108	109	109	92	75	106	106	107	106	109	113	96	116	123	123	126	126	117	121	120	120	114	118	115	116	117	51	50	52	53	50	58	57	58	57	49	32	31	31	34	32	5	6	0	48	48	48	52	47	49	30	113	114	115
132	114	112	112	107	109	104	104	110	110	73	81	86	86	82	86	77	87	80	80	79	83	86	104	108	103	104	108	109	112	111	111	114	90	112	103	104	105	95	97	95	135	135	137	134	134	137	134	134	136	135	106	111	121	134	138	123	122	128	120	120	119	117	116	134	135	103	135	136	118	125	118	118	118	136	136	134	140	113	105	112	114	116	118	118	98	105	110	101	101	102	105	95	79	97	100	99	100	100	103	95	118	124	124	125	124	124	122	122	124	123	124	119	120	120	57	54	56	57	56	57	57	58	59	53	43	38	44	39	44	43	44	48	0	1	1	13	6	6	4	104	104	109
133	115	113	113	108	109	105	105	111	111	74	82	87	87	83	87	78	87	81	81	80	84	87	105	109	102	103	109	110	113	110	110	113	91	113	104	105	106	96	98	96	135	135	137	134	134	137	134	134	136	135	107	112	122	135	139	124	123	128	120	120	119	116	117	134	135	103	135	136	119	126	119	119	119	137	137	135	141	114	106	113	115	117	119	119	98	106	111	102	102	103	106	95	79	98	101	100	101	101	104	95	119	125	125	126	125	125	121	121	123	122	123	118	119	119	58	55	57	58	57	58	58	59	60	53	43	38	44	39	44	43	44	48	1	0	2	14	7	7	4	105	105	110
134	114	113	113	108	109	105	105	111	111	73	81	86	86	82	86	76	87	80	80	79	83	86	104	108	103	104	109	110	113	111	111	114	91	113	103	104	105	95	97	95	135	135	137	134	134	137	134	134	136	135	106	111	121	134	138	123	122	128	120	120	119	118	117	135	136	103	136	137	118	125	118	118	118	136	136	133	140	113	105	112	114	116	118	118	98	106	111	102	102	103	106	95	79	98	101	100	101	101	104	95	118	124	124	124	123	124	122	122	124	123	124	119	120	120	57	54	56	57	56	58	58	59	60	53	43	38	44	39	44	43	44	48	1	2	0	14	7	7	4	105	105	110
135	119	118	118	115	108	111	111	113	113	83	88	85	84	90	85	75	96	88	89	88	89	94	112	107	106	100	112	107	110	117	117	113	94	114	108	109	103	101	97	99	137	137	139	139	138	139	138	135	139	136	110	117	124	132	137	130	129	131	121	121	120	122	121	133	135	102	134	135	125	125	124	124	123	132	132	130	132	118	106	117	113	120	115	114	92	107	107	105	105	107	103	91	75	104	100	99	107	107	108	91	121	127	127	127	127	127	124	124	120	122	119	122	124	123	67	63	65	66	63	66	66	67	63	50	54	49	45	50	45	54	55	52	13	14	14	0	13	14	8	111	111	108
136	112	114	114	110	108	107	107	110	110	78	84	86	85	85	85	76	93	85	86	85	85	91	108	107	102	103	109	110	113	110	110	112	91	109	105	106	106	97	97	94	135	135	137	135	134	137	134	134	136	135	107	111	120	131	139	124	123	128	123	123	122	121	119	135	135	105	136	137	116	123	118	118	118	136	136	133	138	111	103	110	111	114	116	116	96	108	110	104	104	104	103	93	77	99	98	97	102	102	106	94	119	127	127	126	125	127	124	124	123	122	122	121	122	122	60	59	61	62	59	60	60	61	60	52	48	43	43	44	43	48	49	47	6	7	7	13	0	5	5	106	106	108
137	115	114	114	110	108	107	107	111	111	78	85	85	86	86	86	77	91	85	85	84	85	88	106	106	105	103	112	111	113	113	113	113	88	112	104	105	104	96	94	94	135	134	136	135	135	136	135	135	136	136	110	114	122	132	137	121	120	130	123	123	122	121	117	136	135	104	137	138	119	123	120	120	119	134	134	131	138	114	105	113	112	117	116	116	96	107	111	101	101	103	104	94	78	98	99	98	101	101	104	94	120	126	126	126	125	127	124	124	122	122	123	121	122	122	62	59	61	62	59	62	62	63	60	53	48	43	44	44	44	48	49	49	6	7	7	14	5	0	6	104	104	108
138	82	89	89	84	92	84	84	87	87	53	57	58	57	56	54	53	65	57	59	60	62	66	77	76	81	79	76	75	77	79	79	78	70	80	76	77	75	71	70	69	95	96	97	97	97	97	97	95	98	96	72	75	83	91	96	90	89	92	89	87	87	91	85	95	96	94	96	97	87	91	86	86	85	88	88	88	89	79	78	79	79	83	82	82	82	77	78	78	78	78	77	77	77	74	73	73	76	77	78	78	88	93	93	90	90	95	92	92	90	90	89	89	91	92	41	39	41	42	38	43	43	44	41	42	29	27	26	29	28	30	30	30	4	4	4	8	5	6	0	76	76	78
139	109	116	117	115	106	111	112	115	115	109	108	111	111	109	111	108	118	116	107	107	108	113	71	74	120	120	111	112	114	117	118	117	111	121	115	116	116	110	112	111	131	129	129	130	129	130	129	131	128	131	117	116	118	130	134	116	115	121	123	123	122	118	125	130	131	105	129	130	111	114	114	115	113	127	127	121	128	116	108	113	115	113	115	114	97	76	81	74	74	73	75	63	54	69	72	71	68	73	72	65	113	119	119	114	116	119	118	117	117	116	115	120	122	118	105	107	109	110	107	110	110	111	111	92	111	109	111	110	112	111	112	113	104	105	105	111	106	104	76	0	1	6
140	109	116	117	115	106	111	112	115	115	109	109	112	112	110	112	109	117	115	106	106	107	113	72	75	119	119	111	112	114	118	119	118	111	121	115	116	116	109	111	110	131	129	129	130	129	130	129	131	128	131	116	115	118	130	135	115	114	120	123	123	122	118	124	129	130	104	128	129	112	115	115	116	114	127	127	121	128	116	108	112	114	114	116	115	98	76	81	74	74	74	76	64	55	70	73	72	69	74	73	66	113	119	119	114	116	119	119	118	118	117	116	120	121	118	104	106	108	109	106	109	109	110	110	91	111	108	110	109	111	112	113	114	104	105	105	111	106	104	76	1	0	6
141	112	118	119	118	107	113	114	114	114	113	113	110	109	113	108	105	121	118	110	110	110	117	76	72	123	117	114	109	111	120	121	115	113	121	119	120	113	113	110	113	128	127	127	130	128	128	129	129	127	129	120	118	119	126	134	120	119	124	124	124	123	119	128	129	130	104	128	129	115	111	117	118	116	128	128	119	127	119	111	115	111	117	113	112	95	78	76	76	76	77	73	61	52	73	70	69	72	77	76	63	116	120	120	115	117	121	120	119	116	118	113	121	123	119	108	110	112	113	110	113	113	114	111	88	115	113	108	114	109	116	117	115	109	110	110	108	108	108	78	6	6	0
